STT,DATE,OPEN,CLOSE,HIGH,LOW,VOLUME
1,7/7/2016,639.9,644.52,645.01,638.63,45.03
2,7/8/2016,645.21,643.56,648.73,639.67,49.58
3,7/11/2016,643.77,636.02,648.37,633.89,53.37
4,7/12/2016,637.69,641.58,641.58,633.5,54.43
5,7/13/2016,645.04,656.89,657.66,645.04,74.6
6,7/14/2016,657.05,651.14,664.43,651.14,68.76
7,7/15/2016,653.75,653.63,656.73,649.54,59.3
8,7/18/2016,653.82,662.29,662.41,652.51,55.78
9,7/19/2016,664.82,654.17,665.11,647.33,56.7
10,7/20/2016,654.45,645.15,654.49,645.15,50.73
11,7/21/2016,647.51,643.16,650.12,642.22,40.08
12,7/22/2016,642.19,634.34,642.35,626.4,79.02
13,7/25/2016,636.37,633.21,638.17,631.18,37.66
14,7/26/2016,633.57,634.68,636.03,627.97,36.72
15,7/27/2016,634.67,639.63,640.41,634.42,54.23
16,7/28/2016,639.58,644.33,644.33,636.61,53.6
17,7/29/2016,644,639.17,645.39,639.11,45.54
18,8/1/2016,642.04,635.41,642.04,633.42,38.44
19,8/2/2016,631.09,623.16,631.13,620.85,65.4
20,8/3/2016,620.86,619.8,622.4,616.53,35.62
21,8/4/2016,620.42,617.41,626.79,617.41,44.95
22,8/5/2016,615.06,615.06,615.65,608.84,52.5
23,8/8/2016,614.38,614.65,616.97,609.21,38.36
24,8/9/2016,614.16,621.43,621.88,614.16,38.94
25,8/10/2016,621.18,632.86,633.39,621.18,50.91
26,8/11/2016,634.27,645.1,645.1,633.95,67.33
27,8/12/2016,650.55,641.11,652.87,638.1,58.42
28,8/15/2016,640.59,645.66,645.69,639.08,57.97
29,8/16/2016,647.15,646.44,650.45,645.48,78.22
30,8/17/2016,648.34,650.82,650.98,645.53,54.68
31,8/18/2016,653.36,652.87,656.33,646.59,57.33
32,8/19/2016,657.39,654.42,659.43,653.67,51.05
33,8/22/2016,654.43,647.46,655.33,647.46,54.79
34,8/23/2016,643.9,650.92,651.19,642.5,47.35
35,8/24/2016,651.83,650.95,656.93,650.21,39.44
36,8/25/2016,649.51,649.06,650.69,646.71,46.89
37,8/26/2016,652.64,656.71,659.34,652.64,50.27
38,8/29/2016,660.07,656.23,666.02,656.23,46.67
39,8/30/2016,655.39,661.2,661.2,654.66,38.97
40,8/31/2016,662.41,665.25,666.7,661.32,49.95
41,9/1/2016,665.2,659.09,665.2,655.28,42.53
42,9/5/2016,660.24,655.08,661.13,652.13,53.48
43,9/6/2016,656.06,656.02,659.27,656.02,50.18
44,9/7/2016,655.19,654.79,655.75,647.47,42.24
45,9/8/2016,654.53,659.25,661.54,654.38,59.95
46,9/9/2016,662.04,658.66,663.68,657.64,48.61
47,9/12/2016,657.61,651.63,657.61,646.87,45.05
48,9/13/2016,650.41,651.8,653.85,647.33,39.1
49,9/14/2016,651.15,646.93,652.5,646.93,44.71
50,9/15/2016,646.37,645.02,649.97,644.08,45.95
51,9/16/2016,642.29,639.37,645.72,639.37,124.13
52,9/19/2016,646.47,648.83,648.83,644.23,52.72
53,9/20/2016,648.77,653.66,653.66,643.6,59.49
54,9/21/2016,653.67,657.44,658.05,652.62,73.
55,9/22/2016,659.65,662.31,665.27,659.36,56.59
56,9/23/2016,662.23,664.31,664.31,660.85,69.76
57,9/26/2016,662.79,666.1,666.9,661.71,59.43
58,9/27/2016,665.3,671.21,671.21,664.47,65.24
59,9/28/2016,670.32,669.17,672.92,667.72,56.05
60,9/29/2016,671.39,670.3,674.11,668.34,50.41
61,9/30/2016,669.34,668.44,670.55,665.65,52.62
62,10/3/2016,668.47,662.42,670.52,660.29,60.25
63,10/4/2016,661.77,661.89,665.53,657.44,55.63
64,10/5/2016,663.56,663.95,665.98,661.76,55.14
65,10/6/2016,665.23,663.12,667.15,663.12,74.61
66,10/7/2016,665.31,657.54,666.33,654.05,55.75
67,10/10/2016,657.58,647.25,657.92,647.17,55.71
68,10/11/2016,649.08,654.88,654.88,641.45,72.02
69,10/12/2016,655.03,653.25,658.02,652.71,50.57
70,10/13/2016,651.64,658.29,658.49,649.63,54.46
71,10/14/2016,656.92,657.59,662.05,656.89,78.56
72,10/17/2016,657.08,650.46,657.81,650.46,48.26
73,10/18/2016,649.08,653.32,653.87,647.77,63.29
74,10/19/2016,654.45,659.39,660.77,654.45,77.57
75,10/20/2016,661.11,657.15,661.2,655.75,59.85
76,10/21/2016,657.38,655.17,658.77,653.71,49.54
77,10/24/2016,654.17,648.29,654.17,648.29,46.61
78,10/25/2016,645.32,644.91,646.97,640.03,57.91
79,10/26/2016,643.57,641.81,645.25,639.07,40.46
80,10/27/2016,641.42,644.18,644.18,640.13,42.27
81,10/28/2016,643.66,649.27,649.31,642.82,54.32
82,10/31/2016,649.28,644.22,649.28,644.22,66.22
83,11/1/2016,643.26,643.05,644.7,641.4,60.04
84,11/2/2016,641.56,636.54,642.87,636.54,81.17
85,11/3/2016,634.28,632.81,634.28,627.9,72.94
86,11/4/2016,632.39,632.54,634.5,631.8,38.77
87,11/7/2016,633.03,639.91,639.98,632.63,53.01
88,11/8/2016,640,642.01,643.43,640,44.77
89,11/9/2016,641.84,635.42,641.84,620.35,78.46
90,11/10/2016,640.96,641.9,642.88,639.68,55.45
91,11/11/2016,641.8,642,642.9,639.88,53.37
92,11/14/2016,640.06,634.13,642.24,634.13,62.05
93,11/15/2016,636.01,637.51,639.38,635.2,53.47
94,11/16/2016,638,638.72,641.21,637.99,52.15
95,11/17/2016,638.7,636.02,639.16,635.32,62.89
96,11/18/2016,635.63,634.35,636.61,632.45,44.57
97,11/21/2016,635.82,638.87,638.87,634.43,49.15
98,11/22/2016,638.29,643.76,643.8,638.29,53.41
99,11/23/2016,643.82,647.59,649.65,643.6,47.91
100,11/24/2016,650.52,647.47,651.55,645.36,58.91
101,11/25/2016,648.82,643.38,648.82,641.7,52.26
102,11/28/2016,640.58,630.62,640.75,628.48,42.24
103,11/29/2016,631.22,625.78,632.89,623.32,57.62
104,11/30/2016,626.68,631.89,632.9,622.12,67.13
105,12/1/2016,633.63,631.55,636.43,631.55,60.63
106,12/2/2016,631.81,629.64,632.3,628.68,70.24
107,12/5/2016,628.6,625.32,629.85,625.32,49.45
108,12/6/2016,625.68,616.26,626.15,614.23,59.02
109,12/7/2016,614.64,615,617.22,614.1,70.5
110,12/8/2016,619.03,619.45,620.23,615,40.24
111,12/9/2016,620.48,619.64,621.86,617.29,34.5
112,12/12/2016,616.5,612.83,617.89,612.24,52.77
113,12/13/2016,612.52,606.71,612.74,606.07,56.73
114,12/14/2016,607,615.26,615.26,606.55,57.3
115,12/15/2016,614.83,613.25,615.72,610.64,60.09
116,12/16/2016,613.31,621.04,621.04,613.27,103.8
117,12/19/2016,622.19,623.85,626.78,622.19,47.47
118,12/20/2016,622.59,616.74,622.62,615.95,37.02
119,12/21/2016,616.72,618.43,620.28,614.13,40.78
120,12/22/2016,619.99,618.35,621.87,617.15,42.9
121,12/23/2016,617.58,620.75,620.75,615.74,50.52
122,12/26/2016,622.91,621.73,624.52,621.71,47.42
123,12/27/2016,622.05,623.46,624.17,621.77,57.51
124,12/28/2016,625.55,624.83,626.44,623.24,50.2
125,12/29/2016,627.82,626.95,627.94,626.3,45.34
126,12/30/2016,625.8,628.21,628.21,625.18,46.76
127,1/3/2017,627.65,633.89,634.18,627.58,42.89
128,1/4/2017,632.8,632.7,635.39,630.46,52.29
129,1/5/2017,633.61,634.83,635.33,632.46,50.35
130,1/6/2017,634.56,636.34,640.74,634.26,69.77
131,1/9/2017,636.82,638.4,640.02,636.82,55.05
132,1/10/2017,639,639.36,640.86,638.61,42.15
133,1/11/2017,639.56,643.39,643.39,639.52,50.31
134,1/12/2017,644.53,642.25,645.14,641.71,58.11
135,1/13/2017,642.21,640.07,643.85,640.07,42.31
136,1/16/2017,639.59,632.7,640.52,632.7,41.11
137,1/17/2017,633.42,637.54,637.54,632.7,51.33
138,1/18/2017,637.09,633.1,638.72,633.1,42.06
139,1/19/2017,632.31,631,634,630.48,33.9
140,1/20/2017,632.17,634.28,636.39,632.17,35.85
141,1/23/2017,634.81,635.42,637.14,634.81,35.32
142,1/24/2017,635.31,639.32,640.18,635.31,34.71
143,1/25/2017,640.92,644.79,644.79,639.43,38.33
144,2/2/2017,645.72,652.98,652.98,645.72,37.21
145,2/3/2017,656.27,651.18,657.63,651.18,44.59
146,2/6/2017,652.5,654.03,654.03,649.35,37.89
147,2/7/2017,654.24,656.48,657.42,653.88,54.42
148,2/8/2017,657.62,657.97,657.97,655.12,45.31
149,2/9/2017,658.4,658.83,660.08,657.65,56.81
150,2/10/2017,659.12,658.78,659.81,657.65,48.04
151,2/13/2017,660.03,662.68,662.83,659.32,47.48
152,2/14/2017,664.11,663.43,665.24,660.57,56.29
153,2/15/2017,663.58,669.08,670.06,663.58,55.2
154,2/16/2017,670.49,667.72,676.65,667.47,78.25
155,2/17/2017,667.09,668.1,668.76,664.49,58.86
156,2/20/2017,664.9,667.56,669.5,663.11,70.85
157,2/21/2017,668.3,671.52,673.77,668.3,64.5
158,2/22/2017,671.96,668.61,672.43,666.49,69.79
159,2/23/2017,668.69,667.42,670.97,662.06,58.47
160,2/24/2017,667.27,661.81,668.3,661.37,68.54
161,2/27/2017,659.63,666.22,666.64,659.63,55.41
162,2/28/2017,667.17,657.95,667.7,657.95,40.58
163,3/1/2017,656.69,655.99,657.64,649.45,52.8
164,3/2/2017,655.94,653.76,658.71,653.76,44.57
165,3/3/2017,654.36,656.77,657.41,650.59,41.54
166,3/6/2017,657.26,658.61,660.79,657.26,45.66
167,3/7/2017,658.21,659.9,659.9,656.36,49.91
168,3/8/2017,659.64,662.48,665.2,658.54,41.61
169,3/9/2017,662.3,664.3,666.66,662.04,65.38
170,3/10/2017,664.59,663.49,667.49,663.49,58.26
171,3/13/2017,663.86,662.67,664.49,659.95,39.74
172,3/14/2017,663.13,665.46,667.67,662.82,33.81
173,3/15/2017,666.46,663.57,667.42,663.54,39.03
174,3/16/2017,663.85,668.07,668.07,663.85,59.84
175,3/17/2017,669.4,668.35,671.07,668.35,109.11
176,3/20/2017,672.52,676.02,678.78,672.52,55.11
177,3/21/2017,677.14,679.69,682.28,677.14,83.65
178,3/22/2017,679.78,677.96,685.9,677.96,97.1
179,3/23/2017,677.07,689.32,689.32,677.07,74.22
180,3/24/2017,692.52,691.76,696.22,689.95,102.61
181,3/27/2017,692.82,693.49,695.53,691.38,90.36
182,3/28/2017,693.91,688.31,695.04,687.41,78.94
183,3/29/2017,688.57,689.91,689.91,685.69,74.66
184,3/30/2017,692.11,692.5,696.93,692.11,82.67
185,3/31/2017,693.56,693.22,696.97,693.01,65.38
186,4/3/2017,693.42,696.73,697.32,693.42,72.48
187,4/4/2017,699.35,699.07,702.05,698.49,76.42
188,4/5/2017,697.99,691.07,698.88,691.07,77.49
189,4/7/2017,687.09,697.62,697.62,685.63,113.02
190,4/10/2017,698.49,696.72,699.86,696.66,54.52
191,4/11/2017,696.78,697.93,699.4,696.71,68.89
192,4/12/2017,697.92,692.4,698.87,689.77,84.64
193,4/13/2017,692.5,687.72,693.81,687.72,63.62
194,4/14/2017,686.45,678.45,686.45,674.94,64.82
195,4/17/2017,680.27,669.31,683.48,669.31,52.53
196,4/18/2017,669.67,675.71,675.71,665.35,60.73
197,4/19/2017,675.67,679.69,679.69,675.12,41.67
198,4/20/2017,679.43,674.3,679.7,674.3,37.
199,4/21/2017,676.35,672.6,677.83,671.95,91.89
200,4/24/2017,671.8,667.08,673.13,667.08,53.39
201,4/25/2017,667.96,668.58,670.32,665.66,34.41
202,4/26/2017,669.12,673.53,673.53,667.96,39.38
203,4/27/2017,673.67,681.36,682.41,673.67,59.56
204,4/28/2017,678.59,680.49,683.14,677.21,67.75
205,5/3/2017,681.7,684.99,684.99,680.95,56.67
206,5/4/2017,684.8,686.29,688.75,683.44,72.08
207,5/5/2017,684.95,684.17,687.41,684.09,57.67
208,5/8/2017,683.15,681.11,684.17,681.06,72.77
209,5/9/2017,680.42,688.08,688.08,680.34,82.03
210,5/10/2017,689.07,690.53,695.66,689.07,64.75
211,5/11/2017,692.13,691.02,693.19,689.69,80.98
212,5/12/2017,691.46,690.84,693.85,690.29,53.64
213,5/15/2017,691.33,695.22,696.86,691.33,61.19
214,5/16/2017,695.86,692.91,698.67,692.91,77.8
215,5/17/2017,692.95,696.37,697.47,691.06,48.56
216,5/18/2017,693.93,695.3,701.28,693.92,65.27
217,5/19/2017,696.66,702.03,702.03,695.53,61.72
218,5/22/2017,707.27,710.86,715.28,706.84,96.34
219,5/23/2017,711.96,708.62,713.7,708.11,65.61
220,5/24/2017,710.81,718.28,719.59,710.27,81.72
221,5/25/2017,718.42,716.4,722.06,715.78,72.83
222,5/26/2017,716.24,718.87,719.36,716.07,54.94
223,5/29/2017,723.27,722.26,725.2,721.92,71.98
224,5/30/2017,722.82,711.48,723.54,711.48,77.08
225,5/31/2017,712.02,713.43,719.32,709.73,74.94
226,6/1/2017,713.63,719.76,719.76,713.63,46.91
227,6/2/2017,720.39,718.33,720.75,715.7,46.61
228,6/5/2017,719.05,721.74,724.35,719.05,100.57
229,6/6/2017,722.59,732.69,732.69,722.59,72.37
230,6/7/2017,736.17,737.18,739.51,734.95,71.1
231,6/8/2017,737.75,737.52,740.25,734.03,76.64
232,6/9/2017,738.47,740.2,743.9,738.47,57.56
233,6/12/2017,740.65,736.86,742,735.26,51.31
234,6/13/2017,737.03,741.39,741.39,734.53,71.04
235,6/14/2017,744.42,745.53,748.04,743.67,81.1
236,6/15/2017,746.87,746.59,750.71,744.58,72.41
237,6/16/2017,751.5,750.07,751.5,748.08,101.9
238,6/19/2017,754.03,757.5,757.5,753.36,71.44
239,6/20/2017,759.73,759.67,761.04,756.77,73.84
240,6/21/2017,758.49,759.84,759.84,749.47,96.63
241,6/22/2017,759.65,757.94,761.62,757.13,75.89
242,6/23/2017,757.44,758.24,758.98,752.69,77.59
243,6/26/2017,759.9,760.8,762.27,757.98,56.88
244,6/27/2017,761.96,755.07,761.96,754.23,71.71
245,6/28/2017,754.16,757.1,757.1,751.2,55.48
246,6/29/2017,759.13,761.21,763.14,758.94,54.18
247,6/30/2017,763.63,765.41,766.29,763,72.27
248,7/3/2017,765.52,765.8,770.56,765.52,69.75
249,7/4/2017,765.88,763.92,767.28,760.9,82.94
250,7/5/2017,764.91,765.87,765.87,761.28,52.66
251,7/6/2017,768.8,770.58,771.13,768.37,67.41
252,7/7/2017,771.89,761.61,771.98,761.61,83.67
253,7/10/2017,761.69,750.79,761.69,748.06,68.3
254,7/11/2017,750.4,752.75,753.2,743.13,66.59
255,7/12/2017,756.08,757.57,758.72,752.27,52.81
256,7/13/2017,759.8,761.36,761.36,755.81,51.38
257,7/14/2017,762.77,759.97,764.53,759.01,49.89
258,7/17/2017,758.53,745.59,758.74,741.66,83.82
259,7/18/2017,739.25,741.32,743,733.6,72.73
260,7/19/2017,745.44,737.77,745.73,737.77,61.79
261,7/20/2017,735.45,736.64,736.64,732.08,51.01
262,7/21/2017,737.37,728.47,739.48,728.47,47.18
263,7/24/2017,727.57,729.54,730.86,723.45,36.93
264,7/25/2017,727.79,737.93,737.93,727.79,40.08
265,7/26/2017,739.68,745.79,745.84,736.34,48.5
266,7/27/2017,744.5,743.7,747.08,741.96,36.27
267,7/28/2017,742.77,749.86,749.86,742.2,54.91
268,7/31/2017,748.88,756.24,756.24,747.61,71.99
269,8/1/2017,755.5,758.36,758.81,754.64,55.29
270,8/2/2017,753.85,756.04,759.52,750.75,63.11
271,8/3/2017,755.7,757.88,761.17,755.7,64.68
272,8/4/2017,757.79,761.44,761.44,757.79,50.77
273,8/7/2017,762.13,763.08,766.12,761.2,47.43
274,8/8/2017,764.7,758.42,764.7,757.47,49.42
275,8/9/2017,755.32,741.36,755.32,741.36,73.87
276,8/10/2017,737.72,743.42,745.34,737.72,42.16
277,8/11/2017,742.18,744.99,746.42,739.3,49.09
278,8/14/2017,744.72,751.39,751.39,744.45,43.74
279,8/15/2017,752.13,746.07,752.25,744.93,37.24
280,8/16/2017,745.66,749.37,749.37,741.57,46.53
281,8/17/2017,749.35,743.2,750.58,743.2,49.41
282,8/18/2017,739.31,744.3,745.91,738.33,36.15
283,8/21/2017,744.23,743.66,744.96,741.68,32.65
284,8/22/2017,743.86,738.2,743.86,736.88,33.12
285,8/23/2017,739.46,743.1,743.1,736.71,29.88
286,8/24/2017,743.23,747.72,749.82,742.34,36.78
287,8/25/2017,746.87,751.14,751.14,746.87,35.05
288,8/28/2017,751.59,758.02,758.02,749.2,52.89
289,8/29/2017,757.84,754.59,758.76,754.59,47.01
290,8/30/2017,756.49,764.57,764.57,755.32,36.3
291,8/31/2017,765.47,770.08,772.91,764.22,55.32
292,9/1/2017,770.97,774.06,774.76,770.39,38.76
293,9/5/2017,775.28,777.02,778.71,771.68,39.81
294,9/6/2017,776.87,776.97,777.99,772.63,40.69
295,9/7/2017,777.16,779.2,780.54,776,43.8
296,9/8/2017,780.62,784.74,786.85,780.18,38.65
297,9/11/2017,785.06,779.58,789.53,779.58,42.96
298,9/12/2017,777.55,782.54,783.58,775.81,44.57
299,9/13/2017,785.46,786.43,786.96,783.56,41.15
300,9/14/2017,786.82,789.41,793.16,786.82,50.02
301,9/15/2017,786.22,789.49,789.88,784.49,55.16
302,9/18/2017,792.16,793.7,795.32,789.83,47.04
303,9/19/2017,794.15,792.68,797.54,792.68,47.16
304,9/20/2017,793.93,790.48,793.98,789.43,37.53
305,9/21/2017,790.46,786.41,791,786,40.68
306,9/22/2017,786.51,789.7,791.65,785.99,41.38
307,9/25/2017,789.81,789.89,791.16,785.69,39.7
308,9/26/2017,791.03,791.05,791.05,785.24,52.52
309,9/27/2017,788.02,788.31,791.43,787.61,39.54
310,9/28/2017,788.15,790.75,795.95,788.15,64.7
311,9/29/2017,791.4,792.72,797.26,791.4,41.79
312,10/2/2017,793.64,790.7,796.03,790.37,40.12
313,10/3/2017,791.71,787.02,793.19,785.1,42.15
314,10/4/2017,786.17,795.76,795.76,786.12,33.18
315,10/5/2017,797.41,797.42,801.36,796.71,55.22
316,10/6/2017,797.82,800.42,800.73,796.23,39.45
317,10/9/2017,802.89,801.49,803.23,798.96,42.86
318,10/10/2017,800.23,805.3,805.3,798.63,41.99
319,10/11/2017,804.84,806.83,810.12,804.48,57.09
320,10/12/2017,807.63,809.6,813.21,806.65,46.04
321,10/13/2017,807.9,815.47,815.47,807.45,38.31
322,10/16/2017,815.27,811.85,817.72,811.39,49.24
323,10/17/2017,811.73,818.48,818.48,811.24,53.02
324,10/18/2017,819.36,816.84,821.29,815.06,65.57
325,10/19/2017,817.62,817.39,821.08,815.29,54.3
326,10/20/2017,816.99,813.99,821.54,813.38,61.59
327,10/23/2017,811.49,809.36,813.23,806.58,54.57
328,10/24/2017,807.6,815.24,815.24,804.43,64.26
329,10/25/2017,816.05,821.45,821.61,812.98,62.32
330,10/26/2017,820.01,822.53,825.9,815.16,48.03
331,10/27/2017,823.16,834.91,834.91,820.16,42.79
332,10/30/2017,835.33,837.52,841.32,835.33,66.28
333,10/31/2017,836.65,831.62,839.79,829.72,52.49
334,11/1/2017,832.1,835.38,835.44,831.63,58.16
335,11/2/2017,835.36,827.66,843.34,826.71,56.18
336,11/3/2017,828.44,840.04,840.04,826.59,60.83
337,11/6/2017,842.91,844.73,845.67,839.88,60.38
338,11/7/2017,846.17,846.03,850.69,842.67,54.87
339,11/8/2017,849.56,853.57,856.47,848.23,76.97
340,11/9/2017,857.26,853.05,858.93,852.06,60.55
341,11/10/2017,850.25,858.55,861.36,850.1,75.23
342,11/13/2017,861,868.11,868.58,861,113.37
343,11/14/2017,868.59,871.08,873.74,861.96,89.96
344,11/15/2017,870.85,877.58,880.72,868.75,70.79
345,11/16/2017,875.2,890.01,890.01,875.2,87.08
346,11/17/2017,890.49,887.41,897.39,882.81,64.77
347,11/20/2017,886.49,899.31,899.31,883.7,63.41
348,11/21/2017,902.76,910.54,923.57,902.76,85.06
349,11/22/2017,912.46,922.18,922.18,909.95,84.23
350,11/23/2017,926.83,922.92,933.45,916.61,76.67
351,11/24/2017,920.32,926.21,928.41,914.95,74.62
352,11/27/2017,923.8,930.9,939.36,923,69.44
353,11/28/2017,931.21,935.74,935.97,926.12,72.45
354,11/29/2017,938.18,946.55,946.55,934.64,74.5
355,11/30/2017,951.06,943.05,955.17,943.05,80.72
356,12/1/2017,943.08,952.46,953.22,943.08,56.79
357,12/4/2017,954.31,966.44,968.53,954.31,87.1
358,12/5/2017,968.58,944.07,970.35,944.07,89.82
359,12/6/2017,940.82,939.06,941.32,919.99,85.47
360,12/7/2017,942.07,928.74,945.52,923.23,54.3
361,12/8/2017,928.32,930.25,935.51,920.97,57.16
362,12/11/2017,928.39,908.29,928.39,908.29,54.9
363,12/12/2017,919.04,914.82,922.24,883.52,82.58
364,12/13/2017,919.58,913.33,920.38,911.01,56.74
365,12/14/2017,913.3,928.21,928.21,913.3,42.15
366,12/15/2017,925.65,926.7,933.09,925.2,65.58
367,12/18/2017,937.81,950.81,950.81,937.64,57.61
368,12/19/2017,955.99,947.62,959.33,947.24,59.82
369,12/20/2017,947.51,948.78,954.96,942.07,58.64
370,12/21/2017,944.9,936.53,953.26,936.53,56.51
371,12/22/2017,939.48,945.88,946.01,937.75,71.29
372,12/25/2017,947.06,949.28,950.64,944.77,42.19
373,12/26/2017,951.27,955.73,955.81,948.68,65.42
374,12/27/2017,957.76,958.02,962.33,955.14,81.06
375,12/28/2017,960.38,966.91,968.4,957.19,59.51
376,12/29/2017,968.28,975.52,980.47,967.2,78.24
377,1/2/2018,977.2,992.72,992.72,975.49,80.77
378,1/3/2018,996.23,1004.66,1011.84,995.74,90.64
379,1/4/2018,1007.6,1014.15,1014.17,1006.96,96.95
380,1/5/2018,1014.42,1007.73,1014.42,1005.1,91.06
381,1/8/2018,1006.25,1023.5,1023.5,1000.29,113.04
382,1/9/2018,1028.05,1039.64,1040.58,1019.52,127.84
383,1/10/2018,1040.61,1039.7,1047.59,1033.54,151.72
384,1/11/2018,1036.02,1047.2,1050.23,1031.43,99.86
385,1/12/2018,1050.08,1049.86,1058.2,1044.85,130.91
386,1/15/2018,1050.35,1063.11,1063.11,1042.64,112.28
387,1/16/2018,1056.95,1061.78,1063.46,1047.9,121.77
388,1/17/2018,1060.36,1030,1061.49,1030,118.46
389,1/18/2018,1028.39,1048.56,1048.56,1013.11,112.4
390,1/19/2018,1050.01,1053.47,1062.13,1046.92,119.66
391,1/22/2018,1059.2,1082.71,1084.09,1059.19,93.62
392,1/25/2018,1093.49,1095.52,1109.98,1088.69,188.73
393,1/26/2018,1096.09,1104.42,1112.59,1088,99.33
394,1/29/2018,1108.98,1096.78,1118.08,1095.75,113.27
395,1/30/2018,1087.57,1099.16,1099.16,1078.98,109.84
396,1/31/2018,1097.38,1095.9,1113.37,1094.77,109.61
397,2/1/2018,1098.3,1086.9,1098.3,1076.09,93.38
398,2/2/2018,1087.24,1090.4,1090.4,1075.65,71.95
399,2/5/2018,1081.7,1035.02,1081.7,1035.02,98.88
400,2/6/2018,1013.7,1007.72,1015.56,969.01,152.31
401,2/7/2018,1034.76,1030.91,1040.23,1025.3,74.67
402,2/8/2018,1024.13,1013.56,1031.98,1013.56,50.85
403,2/9/2018,983.6,996.77,996.77,966.78,67.18
404,2/12/2018,1001.7,1034.76,1034.76,1001.7,60.02
405,2/13/2018,1043.44,1054.09,1055.86,1043.44,57.87
406,2/21/2018,1064.55,1075.47,1081.82,1063.73,80.66
407,2/22/2018,1068.84,1064.28,1078.48,1063.46,91.29
408,2/23/2018,1073.56,1089.96,1089.96,1068.75,87.89
409,2/26/2018,1101.66,1099.71,1113.01,1099.71,100.63
410,2/27/2018,1108.87,1106.09,1110.11,1094.17,81.12
411,2/28/2018,1096.3,1108.23,1113.59,1095.98,107.21
412,3/1/2018,1106.03,1105.84,1116.79,1098.51,101.81
413,3/2/2018,1095.31,1106.92,1109.51,1092.18,78.01
414,3/5/2018,1113.71,1080.83,1116.8,1080.83,116.6
415,3/6/2018,1091.98,1103.31,1103.31,1075.78,78.35
416,3/7/2018,1102.85,1092.17,1106.89,1084.53,81.05
417,3/8/2018,1092.29,1105.03,1109.29,1091.7,49.87
418,3/9/2018,1107.83,1106.54,1117.9,1102.07,69.75
419,3/12/2018,1108.7,1106.97,1116.38,1104.85,80.69
420,3/13/2018,1106.88,1111.38,1112.98,1098.58,81.52
421,3/14/2018,1111.58,1115,1121.74,1111.58,89.25
422,3/15/2018,1114.89,1110.26,1114.9,1105.26,75.73
423,3/16/2018,1112.28,1112.93,1118.36,1109.85,112.88
424,3/19/2018,1117.13,1130.26,1134.75,1117.13,75.28
425,3/20/2018,1130.09,1134.19,1139.23,1126,73.16
426,3/21/2018,1134.79,1147.26,1148.64,1134.79,82.8
427,3/22/2018,1147.9,1144.58,1159.37,1144.44,75.39
428,3/23/2018,1144.18,1128.93,1144.18,1113.7,110.41
429,3/26/2018,1129.05,1146.73,1151.32,1123.9,78.08
430,3/27/2018,1146.86,1150.3,1162.35,1146.86,71.95
431,3/28/2018,1150.33,1151.09,1158.75,1144.71,60.03
432,3/29/2018,1151.65,1144.74,1155.65,1141.65,60.67
433,3/30/2018,1144.9,1153.08,1154.59,1136.2,59.18
434,4/2/2018,1153.11,1171.21,1174.13,1153.11,76.27
435,4/3/2018,1171.89,1160.97,1173.18,1156.91,84.65
436,4/4/2018,1161.24,1165.75,1176.22,1161.24,82.36
437,4/5/2018,1164.87,1169.12,1175.64,1163.76,70.59
438,4/6/2018,1170.42,1174.37,1180.6,1170.11,78.48
439,4/9/2018,1174.02,1177.68,1181.58,1169.56,87.63
440,4/10/2018,1177.85,1168.06,1185.06,1161.71,93.78
441,4/11/2018,1168.41,1137.2,1172.44,1137.2,105.6
442,4/12/2018,1136.76,1143.5,1143.5,1121.47,67.37
443,4/13/2018,1146.67,1134.21,1153.95,1131.61,83.94
444,4/16/2018,1133,1128.03,1136.8,1122.26,75.38
445,4/17/2018,1128.11,1130.32,1136.17,1119.7,57.92
446,4/18/2018,1131.56,1115.7,1136.98,1115.18,50.73
447,4/19/2018,1114.98,1066.09,1115,1066.09,80.75
448,4/20/2018,1066.33,1089.45,1089.62,1047.71,113.03
449,4/23/2018,1091.18,1055.37,1098.58,1055.37,75.43
450,4/24/2018,1055.24,1053.99,1060.92,1027.74,70.63
451,4/26/2018,1055.95,1018.97,1057.2,1011.51,86.28
452,4/27/2018,1018.06,1027.97,1029.36,1007.39,71.15
453,5/2/2018,1029.76,1012.84,1033.2,1009.98,68.95
454,5/3/2018,1011.83,1010.35,1012.12,989,91.65
455,5/4/2018,1012.44,1010.89,1023.16,1006.99,61.74
456,5/7/2018,1010.99,1048.03,1048.03,1010.99,65.36
457,5/8/2018,1048.53,1047.83,1059.68,1042.59,76.3
458,5/9/2018,1047.43,1046.39,1058.09,1037.1,59.64
459,5/10/2018,1046.9,1019.69,1047.5,1009.79,73.42
460,5/11/2018,1019.33,1030.79,1031.77,1003.47,62.19
461,5/14/2018,1031.18,1051.45,1051.45,1029.92,48.25
462,5/15/2018,1055.82,1055.49,1067.61,1052.16,53.74
463,5/16/2018,1055.31,1034.3,1055.31,1031.33,46.17
464,5/17/2018,1034.2,1007.09,1035.45,1007.09,55.5
465,5/18/2018,1007.05,1022.21,1023.23,989.2,57.99
466,5/21/2018,1023.28,997.21,1027.85,997.21,48.6
467,5/22/2018,996.19,958.95,996.19,947.7,76.25
468,5/23/2018,957.72,968.54,973.07,945.01,89.25
469,5/24/2018,968.93,960.55,974.17,951.17,56.44
470,5/25/2018,958.74,936.32,960.57,936.32,59.06
471,5/28/2018,932,898,932,894.31,84.48
472,5/29/2018,897.13,924.9,932.82,881.91,70.93
473,5/30/2018,924.47,918.64,925.18,902,60.66
474,5/31/2018,917.94,947.31,950.49,914.57,79.03
475,6/1/2018,949.13,969.15,970.81,948.69,82.28
476,6/4/2018,970.81,996.67,997,970.81,65.62
477,6/5/2018,996.55,1007.32,1008.83,996.15,91.47
478,6/6/2018,1007.51,1022.72,1023.38,995.29,68.13
479,6/7/2018,1023.95,1026.75,1034.72,1020.77,69.55
480,6/8/2018,1026.76,1025.87,1028.42,1017.9,55.02
481,6/11/2018,1025.71,1024.85,1034.85,1016.22,74.45
482,6/12/2018,1021.02,1008.76,1021.02,989.53,87.64
483,6/13/2018,1008.32,1018.59,1019.32,1005.58,40.69
484,6/14/2018,1018.07,1004.31,1022.95,1004.31,53.69
485,6/15/2018,1004.14,1005.04,1005.71,994.38,61.14
486,6/18/2018,1004.97,970.35,1006.58,970.35,58.33
487,6/19/2018,970.06,945.11,970.06,919.09,99.04
488,6/20/2018,945.3,966.86,966.86,936.83,45.85
489,6/21/2018,966.91,955.75,966.91,950.06,36.52
490,6/22/2018,954.7,973.05,974.42,945.59,43.75
491,6/25/2018,973.45,982.09,989.18,973.45,39.99
492,6/26/2018,981.97,973.9,981.97,959.29,35.78
493,6/27/2018,973.89,961.29,976.93,961.29,36.06
494,6/28/2018,962.93,947.03,967.28,943.12,52.71
495,6/29/2018,945.26,947.55,951.74,939.7,41.82
496,7/2/2018,945.94,930.12,945.94,917.8,62.21
497,7/3/2018,931.12,891.97,931.12,891.97,72.75
498,7/4/2018,892.01,900.89,901.64,880.37,47.75
499,7/5/2018,901.25,883.77,905.51,875.17,49.73
500,7/6/2018,880.17,905.62,910.14,870.34,64.07
501,7/9/2018,905.97,898.73,916.84,896.79,46.15
502,7/10/2018,898.09,897.96,906.25,897.96,41.42
503,7/11/2018,894.16,881.14,894.16,871.22,57.53
504,7/12/2018,877.68,883.87,893.15,870.53,38.91
505,7/13/2018,886.17,899.45,902.14,886.17,45.05
506,7/16/2018,901.68,904.18,910.82,897.03,49.12
507,7/17/2018,903.87,915.53,915.53,892.39,47.02
508,7/18/2018,915.69,935.42,935.42,915.23,60.41
509,7/19/2018,935.54,941.09,946.39,934.2,56.92
510,7/20/2018,939.27,926.5,941.41,926.5,61.82
511,7/23/2018,927.01,931.31,945.13,926.56,77.02
512,7/24/2018,931.2,923.53,932.83,916.19,59.41
513,7/25/2018,923.55,915.68,931.55,915.68,57.45
514,7/26/2018,915.7,921.33,921.33,907.6,48.18
515,7/27/2018,923.02,927.19,930.57,918.37,45.39
516,7/30/2018,927.36,939.6,940.25,927.36,52.47
517,7/31/2018,938.73,944.38,948.38,934.39,62.66
518,8/1/2018,944.31,939.31,947.08,935.63,57.1
519,8/2/2018,939.85,937.86,939.85,924.38,57.09
520,8/3/2018,938.51,941.12,949.93,938.51,47.69
521,8/6/2018,941.13,939.84,943.98,935.75,49.4
522,8/7/2018,939.81,936.92,941.63,933.77,55.9
523,8/8/2018,937.69,945.89,946.07,937.58,50.32
524,8/9/2018,945.78,943.91,954.38,942.83,64.85
525,8/10/2018,942.85,948.32,948.69,936.44,46.5
526,8/13/2018,946.75,960.02,960.02,941.95,84.06
527,8/14/2018,960.29,965.6,968.62,959.23,59.71
528,8/15/2018,965.61,947.82,969.8,947.78,68.64
529,8/16/2018,946.91,950.18,950.18,932.27,68.2
530,8/17/2018,951.68,949.23,959.39,949.23,48.04
531,8/20/2018,949.3,945.65,952.16,942.33,55.72
532,8/21/2018,946.55,955.27,955.27,944.88,54.35
533,8/22/2018,956,959.63,963.17,956,77.68
534,8/23/2018,960.09,960.94,963.91,957.98,45.09
535,8/24/2018,960.22,960.42,963.09,955.16,59.84
536,8/27/2018,960.43,966.55,969.97,960.43,68.76
537,8/28/2018,966.34,971.01,972.4,966.34,62.34
538,8/29/2018,971.12,964.99,972.32,964,48.37
539,8/30/2018,965.56,975.43,975.43,960.86,57.46
540,8/31/2018,975.48,969.23,979.11,969.23,63.43
541,9/4/2018,969.15,951.14,971.3,951.14,53.57
542,9/5/2018,951.09,941,953.37,938.53,56.27
543,9/6/2018,941.21,932.12,944.73,931.99,49.47
544,9/7/2018,932.1,945.59,945.59,931.19,49.62
545,9/10/2018,945.04,943.31,948.31,942.68,56.36
546,9/11/2018,943.67,958.91,959.09,940.78,53.03
547,9/12/2018,959.2,958.67,967.78,958.67,58.28
548,9/13/2018,958.63,957.17,963.72,955.64,53.8
549,9/14/2018,958.01,960.33,965.23,958.01,62.16
550,9/17/2018,958.78,953.79,960.94,951.38,46.89
551,9/18/2018,953.45,959.75,959.75,945.93,64.69
552,9/19/2018,960.01,962.7,969.34,960.01,74.1
553,9/20/2018,962.82,971.18,971.48,962.26,66.13
554,9/21/2018,971.12,974.43,978.77,968.73,125.49
555,9/24/2018,974.47,985.59,986.3,974.47,60.87
556,9/25/2018,985.57,985.11,988.23,980.44,62.15
557,9/26/2018,985.26,984.39,989.54,980.8,65.87
558,9/27/2018,985.28,989.45,992.1,984.15,57.13
559,9/28/2018,989.98,994.73,996.6,989.98,97.27
560,10/1/2018,994.76,990.41,1001.14,990,90.3
561,10/2/2018,990.26,987.88,992.77,984.54,183.51
562,10/3/2018,987.46,990.6,992.87,986.16,61.98
563,10/4/2018,990.49,993.61,993.78,989.06,75.35
564,10/5/2018,993.42,980.75,993.42,980.75,150.64
565,10/8/2018,979.27,970.28,979.27,968.61,78.54
566,10/9/2018,970.21,967.37,974.29,966.68,73.93
567,10/10/2018,967.58,966.27,970.51,961.7,71.54
568,10/11/2018,959.12,920.02,959.12,911.69,141.17
569,10/12/2018,918.83,943.49,943.73,908.74,87.96
570,10/15/2018,943.51,928.55,943.62,927.6,45.78
571,10/16/2018,928.46,939.41,939.41,926.96,51.
572,10/17/2018,940.29,945.91,949.41,940.29,58.21
573,10/18/2018,945.92,937.54,945.92,936.22,49.14
574,10/19/2018,937.47,931.69,937.47,920.28,55.48
575,10/22/2018,931.66,922.75,938.02,922.75,46.94
576,10/23/2018,919.26,908,919.49,893.34,80.75
577,10/24/2018,905.91,896.5,909.4,896.5,55.22
578,10/25/2018,896.39,888.86,896.39,860.13,62.08
579,10/26/2018,890.71,881.06,897.48,881.06,47.32
580,10/29/2018,878.35,874.43,881.87,870.36,45.4
581,10/30/2018,872.69,874.06,881.83,868.29,45.59
582,10/31/2018,878.68,901.57,901.93,878.68,73.72
583,11/1/2018,900.11,887.72,901.17,885.58,77.74
584,11/2/2018,889.81,903.43,905.65,889.81,58.39
585,11/5/2018,903.24,904.83,904.83,894.88,39.18
586,11/6/2018,905.34,899.61,909.19,899.61,40.14
587,11/7/2018,900.47,899.25,903.15,892.79,53.79
588,11/8/2018,901.42,900.4,909.69,899.65,31.81
589,11/9/2018,900.14,885.65,900.14,885.65,42.29
590,11/12/2018,883.49,888.2,889.06,875.29,36.3
591,11/13/2018,884.98,873.87,884.98,873.87,44.9
592,11/14/2018,874.07,871.55,880.65,868.63,53.3
593,11/15/2018,871.22,864.98,874.87,859.86,58.62
594,11/16/2018,865.03,869.24,874.94,863.89,42.87
595,11/19/2018,869.7,888.76,888.76,869.7,47.05
596,11/20/2018,886.36,893.09,893.09,883.8,53.84
597,11/21/2018,888.54,897.1,897.1,880.83,43.81
598,11/22/2018,897.28,898.9,900.77,896.18,50.22
599,11/23/2018,898.05,890.62,899.37,889.78,42.79
600,11/26/2018,889.88,895.05,896.12,886.76,43.47
601,11/27/2018,895.07,895.3,903.78,893.96,42.
602,11/28/2018,894.66,901.4,901.4,894.27,43.09
603,11/29/2018,901.48,897.58,910.48,897.58,45.42
604,11/30/2018,897.48,894.79,898.69,890.41,62.99
605,12/3/2018,896.5,921.72,921.72,896.5,71.85
606,12/4/2018,921.74,927.46,929.33,920.2,57.58
607,12/5/2018,927.39,925.68,928.9,915.9,69.81
608,12/6/2018,925.58,922.86,928.64,916.63,62.83
609,12/7/2018,923.9,929.59,933.29,923.9,57.94
610,12/10/2018,928.96,922.82,928.96,921.59,54.25
611,12/11/2018,922.58,922.34,925.43,915.68,49.28
612,12/12/2018,922.43,927.7,927.7,922.41,53.22
613,12/13/2018,928.21,928.9,935.33,927.92,55.02
614,12/14/2018,928.84,918.79,928.84,918.19,53.13
615,12/17/2018,914.97,901.41,914.97,901.33,112.07
616,12/18/2018,901.31,890.68,901.31,881.76,61.47
617,12/19/2018,890.78,882.79,891.69,877.63,62.76
618,12/20/2018,880.4,877.03,883.76,876.15,49.32
619,12/21/2018,877.02,873.09,877.02,866.09,59.51
620,12/24/2018,873.14,873.64,879.74,872.99,42.33
621,12/25/2018,873.56,865.69,873.56,850.33,76.74
622,12/26/2018,865.96,861.02,867.88,860.52,39.61
623,12/27/2018,861.53,865.45,872.73,861.53,48.75
624,12/28/2018,866.04,854.99,868.62,854.99,45.85
625,1/2/2019,855.01,855.66,864.64,852.79,37.2
626,1/3/2019,855.2,838.79,856.21,834.81,55.93
627,1/4/2019,836.6,840.17,842.05,821.83,41.71
628,1/7/2019,843.95,851.41,858.69,843.95,35.91
629,1/8/2019,851.2,845.43,852.92,841.86,33.31
630,1/9/2019,845.53,855.51,856.87,845.25,39.44
631,1/10/2019,855.39,857.95,859.93,852.96,37.73
632,1/11/2019,857.84,860.3,862.88,857.67,41.97
633,1/14/2019,860.4,859.42,860.4,854.71,39.17
634,1/15/2019,859.46,865.1,865.26,856.04,34.65
635,1/16/2019,865,864.29,868.41,861.18,44.18
636,1/17/2019,864.15,853.34,864.15,853.34,34.84
637,1/18/2019,854.58,854.79,859.95,853.5,66.67
638,1/21/2019,855,864.1,865.59,855,50.87
639,1/22/2019,864.45,859.17,865.92,859.09,37.81
640,1/23/2019,859.26,861.73,864.83,856.77,41.09
641,1/24/2019,861.63,865.52,866.49,861.04,41.76
642,1/25/2019,865.44,867.7,869.53,865.44,37.04
643,1/28/2019,867.6,868.76,871.56,865.9,29.71
644,1/29/2019,868.81,872.03,872.03,863.22,36.41
645,1/30/2019,872.01,869.16,872.01,867.92,40.37
646,1/31/2019,869.38,866.06,874.09,863.85,52.26
647,2/1/2019,866.01,859.81,868.15,859.38,59.94
648,2/11/2019,862.2,878.67,878.67,862.2,52.66
649,2/12/2019,878.69,888.33,890.16,878.68,70.59
650,2/13/2019,887.6,897.42,897.42,887.6,84.31
651,2/14/2019,897.88,900.12,904.11,897.3,67.27
652,2/15/2019,900.14,897.74,903.11,895.13,57.37
653,2/18/2019,899.75,904.93,904.93,899.74,53.77
654,2/19/2019,905.09,907.82,915.31,905.09,85.35
655,2/20/2019,907.31,911.8,913.51,906.64,60.72
656,2/21/2019,912.83,926.09,926.09,911.38,65.39
657,2/22/2019,926.3,929.5,934.65,920.78,78.22
658,2/25/2019,929.57,939.47,944.01,929.5,83.14
659,2/26/2019,939.56,929.51,941.45,922.93,68.95
660,2/27/2019,929.78,930.54,935.76,928.59,60.74
661,2/28/2019,930.37,904.98,930.81,904.98,82.02
662,3/1/2019,904.96,915.32,915.99,904.96,44.93
663,3/4/2019,915.39,928.42,929.28,915.39,62.29
664,3/5/2019,928.25,923.66,931.23,922.05,87.18
665,3/6/2019,923.71,923.58,926.32,916.89,41.45
666,3/7/2019,923.77,922.29,930.79,922.29,57.96
667,3/8/2019,922.16,914.74,922.16,913.39,55.06
668,3/11/2019,915,916.24,918.73,911.88,35.41
669,3/12/2019,919.21,929.86,929.86,919.21,72.48
670,3/13/2019,929.93,935.41,939.17,929.93,77.98
671,3/14/2019,935.72,934.42,937.82,931.33,64.94
672,3/15/2019,934.87,927.06,934.87,924.45,94.75
673,3/18/2019,927.16,932.75,935.16,926.85,80.42
674,3/19/2019,933.56,927.56,935.67,924.91,70.15
675,3/20/2019,927.54,924.12,927.54,914.77,161.4
676,3/21/2019,924.22,907.87,928.32,907.87,57.54
677,3/22/2019,907.94,912.27,914.69,906.64,65.71
678,3/25/2019,912.1,893.4,912.1,889.17,69.54
679,3/26/2019,893.78,894.58,901.81,892.47,46.96
680,3/27/2019,895.71,901.76,903.35,895.71,46.17
681,3/28/2019,901.51,901.65,903.88,898.17,58.43
682,3/29/2019,901.64,900.13,906.84,900.13,63.64
683,4/1/2019,900.17,905.87,905.94,900.17,65.16
684,4/2/2019,907.18,903.59,912.94,902.43,81.31
685,4/3/2019,902.71,901.5,903.05,897.47,102.31
686,4/4/2019,902.07,904.33,906.29,900.97,41.14
687,4/5/2019,904.61,904.69,905.76,902.77,82.25
688,4/8/2019,904.92,906.55,907.2,900.97,37.42
689,4/9/2019,906.46,900.07,908.94,898.8,48.11
690,4/10/2019,899.91,893.19,899.91,887.75,47.25
691,4/11/2019,893.6,896.04,896.68,892.62,29.94
692,4/12/2019,895.95,893.1,895.95,891.71,47.49
693,4/16/2019,890.81,887.76,890.81,877.38,49.24
694,4/17/2019,886.65,885.66,891.78,885.64,57.68
695,4/18/2019,884.29,877.02,887.48,876.2,46.62
696,4/19/2019,877.07,880.52,884.77,877.07,28.99
697,4/22/2019,880.9,878.23,880.9,873.55,37.55
698,4/23/2019,878.38,878.29,881.67,875.05,55.09
699,4/24/2019,877.97,888.65,889.02,877.97,38.14
700,4/25/2019,888.57,885.65,888.91,883.72,39.49
701,4/26/2019,885.47,890.55,890.69,882.58,37.4
702,5/2/2019,890.6,893.87,893.89,889.61,52.67
703,5/3/2019,893.8,895.42,895.7,889.2,52.22
704,5/6/2019,893.83,878.8,893.83,875.71,49.56
705,5/7/2019,880.06,877.02,885.23,876.18,51.57
706,5/8/2019,872.22,872.78,874.89,867.18,47.72
707,5/9/2019,872.71,871.5,875.89,868.73,90.24
708,5/10/2019,871.28,876.45,877.59,871.28,38.76
709,5/13/2019,876.16,879.64,879.64,874.68,54.03
710,5/14/2019,879.14,882.67,882.67,871.96,43.98
711,5/15/2019,882.99,893.22,893.68,882.99,49.24
712,5/16/2019,893.7,891.93,896.34,891.93,49.49
713,5/17/2019,892.93,890.53,893.44,888.56,45.04
714,5/20/2019,890.16,901.06,901.06,888.12,47.48
715,5/21/2019,901.79,901.36,907.64,900.97,107.49
716,5/22/2019,901.49,897.66,906.99,897.27,55.97
717,5/23/2019,897.5,895.07,899.02,892.08,71.63
718,5/24/2019,894.22,884.48,898.24,884.48,66.76
719,5/27/2019,884.29,889.2,889.45,883.95,40.79
720,5/28/2019,888.8,885.27,891.61,883.53,43.07
721,5/29/2019,886.12,883.52,886.98,882,42.66
722,5/30/2019,883.51,883.37,888.68,879.58,57.72
723,5/31/2019,883.39,876.29,884.75,875.77,45.79
724,6/3/2019,875.64,864.08,875.64,858.64,75.43
725,6/4/2019,864.27,864.35,868.67,857.94,55.88
726,6/5/2019,866.79,863.69,871.91,863.69,38.29
727,6/6/2019,863.81,861.31,865.16,851.47,49.28
728,6/7/2019,860.64,869.56,869.56,860.64,43.66
729,6/10/2019,869.68,872.49,877.45,866.79,49.78
730,6/11/2019,872.53,870.91,874.32,870,45.1
731,6/12/2019,870.48,865.42,871.64,865.42,48.16
732,6/13/2019,865.29,859.68,865.29,857.72,50.54
733,6/14/2019,859.53,861.65,864.29,859.08,52.39
734,6/17/2019,861.37,852.99,862.36,851.14,58.33
735,6/18/2019,852.62,848.17,853.95,845.4,76.29
736,6/19/2019,850.34,854.34,854.81,850.34,53.72
737,6/20/2019,854.9,864.59,867.91,853.96,84.62
738,6/21/2019,864.44,866.53,870.35,864.44,85.5
739,6/24/2019,866.63,868.94,873.33,866.63,61.65
740,6/25/2019,867.73,868.5,870.37,866.25,61.54
741,6/26/2019,868.16,866.81,870.52,865.67,132.58
742,6/27/2019,866.84,854.41,867.08,854.41,53.74
743,6/28/2019,854.49,864.24,864.24,847.77,80.32
744,7/1/2019,864.26,876.26,876.39,864.26,68.16
745,7/2/2019,876.27,872.92,877.08,870.71,46.45
746,7/3/2019,872.77,869.58,872.77,865.59,50.58
747,7/4/2019,870.03,879.72,879.72,870.03,76.93
748,7/5/2019,879.49,880.23,882.19,876.28,48.31
749,7/8/2019,878.96,870.92,878.96,867.35,54.46
750,7/9/2019,871.19,872.21,872.52,866.32,63.63
751,7/10/2019,872.2,876.12,878.32,872.2,55.12
752,7/11/2019,877.86,879.1,880.88,876.69,54.29
753,7/12/2019,880.06,874.99,883.15,874.56,56.07
754,7/15/2019,875.28,873.71,876.82,870.84,55.13
755,7/16/2019,873.74,880.91,880.91,873.74,62.6
756,7/17/2019,880.69,879.75,882.85,877.59,72.1
757,7/18/2019,879.66,870.81,879.66,870.81,50.72
758,7/19/2019,870.97,880.79,881.16,870.97,66.91
759,7/22/2019,880.49,879.62,885.42,878.39,67.24
760,7/23/2019,879.42,888.26,889.04,878.22,74.81
761,7/24/2019,888.63,887.39,892.81,885.66,64.29
762,7/25/2019,887.43,890.41,892.31,885.19,69.04
763,7/26/2019,890.44,887.84,891.9,886.09,64.11
764,7/29/2019,887.96,888.54,889.97,880.92,58.71
765,7/30/2019,888.7,877.92,892.38,877.92,47.52
766,7/31/2019,877.8,883.19,885.86,874.39,65.1
767,8/1/2019,884.29,887.39,887.39,881.52,71.34
768,8/2/2019,887.06,885.29,887.06,877.76,71.29
769,8/5/2019,883.34,872.39,884.09,872.39,79.82
770,8/6/2019,870.82,866.13,870.82,858.02,79.94
771,8/7/2019,866.76,868.27,872.05,863.57,60.84
772,8/8/2019,868.2,875.81,877.32,866.69,107.05
773,8/9/2019,876.5,878.62,880.29,874.51,61.01
774,8/12/2019,878.56,882.23,883.41,877.33,58.01
775,8/13/2019,882.2,877.97,882.2,875.32,72.5
776,8/14/2019,880.04,880.51,886.8,880.04,55.86
777,8/15/2019,874.42,890.78,890.78,867.95,60.97
778,8/16/2019,890.39,892.44,900.31,886.87,96.13
779,8/19/2019,892.32,891.78,897.03,889.34,63.22
780,8/20/2019,891.73,894.45,894.86,890.96,65.81
781,8/21/2019,894.56,900.54,901.25,892.05,83.52
782,8/22/2019,901.28,901.29,904.41,899.58,54.68
783,8/23/2019,901.53,900.53,902.5,896.87,79.88
784,8/26/2019,899.1,892.48,899.1,887.05,80.73
785,8/27/2019,893.72,886.91,899.29,886.91,95.57
786,8/28/2019,886.82,886.08,890.58,885.23,56.29
787,8/29/2019,886.04,889.13,889.13,882.14,51.84
788,8/30/2019,888.94,892.51,893.57,888.83,50.17
789,9/3/2019,892.83,888.97,894.11,886.02,92.89
790,9/4/2019,888.95,887.12,890.31,883.91,65.81
791,9/5/2019,887.21,886.1,891.43,886.1,63.91
792,9/6/2019,885.93,885.95,889.49,884.9,70.89
793,9/9/2019,886.71,885.61,887.01,883.43,70.53
794,9/10/2019,885.84,883.04,888.57,881.04,58.05
795,9/11/2019,882.9,885.52,886.12,881.34,67.46
796,9/12/2019,886.12,894.32,894.32,886.12,56.3
797,9/13/2019,894.21,905.05,905.31,893.8,81.09
798,9/16/2019,905,908.6,909.7,902.82,82.37
799,9/17/2019,908.51,912.38,912.89,904.36,76.68
800,9/18/2019,912.42,913.48,915.09,911.08,96.81
801,9/19/2019,913.4,918.88,918.88,909.88,72.21
802,9/20/2019,919.38,915.16,920.77,914.55,86.76
803,9/23/2019,914.73,909.98,918.42,909.98,92.46
804,9/24/2019,909.94,910.76,914.02,908.03,72.14
805,9/25/2019,910.57,912.42,913.33,906.6,85.18
806,9/26/2019,912.91,918.1,918.1,911.57,65.88
807,9/27/2019,919.43,924.83,925.58,917.72,75.58
808,9/30/2019,925.79,922.89,930.88,922.62,67.31
809,10/1/2019,922.87,926.31,926.31,921.69,107.04
810,10/2/2019,926.44,919.73,927.43,917.68,76.99
811,10/3/2019,919.63,921.7,921.7,911.6,86.27
812,10/4/2019,921.73,915.16,924.36,915.16,81.1
813,10/7/2019,915.62,907.5,917.36,907.5,71.49
814,10/8/2019,907.06,915.27,915.34,906.88,77.35
815,10/9/2019,915.38,914.54,917.9,912.48,80.41
816,10/10/2019,914.59,913.05,917.08,912.2,71.79
817,10/11/2019,913.84,916.68,917.14,912.94,78.83
818,10/14/2019,916.81,921.91,924.69,916.81,93.99
819,10/15/2019,921.95,923.27,924.79,920.63,81.62
820,10/16/2019,923.26,924.64,927.91,923.26,72.44
821,10/17/2019,924.53,919.1,924.79,919.1,82.96
822,10/18/2019,919.92,919.13,922.62,916.87,69.31
823,10/21/2019,918.02,914,918.81,913.94,78.72
824,10/22/2019,914.04,916.81,917.61,912.7,63.92
825,10/23/2019,916.76,919.61,919.61,915.87,66.33
826,10/24/2019,919.54,925.25,925.25,919.17,67.5
827,10/25/2019,925.49,927.05,927.05,923.56,67.76
828,10/28/2019,927.96,925.97,929.93,925.8,79.93
829,10/29/2019,925.67,923.97,928.38,923.97,77.2
830,10/30/2019,923.98,925.07,928.85,922.67,67.31
831,10/31/2019,925.02,922.68,928.88,922.06,71.77
832,11/1/2019,922.46,933.55,934.21,922.46,105.61
833,11/4/2019,933.96,940.25,941.46,932.31,100.17
834,11/5/2019,940.53,942.34,944.62,938.73,79.39
835,11/6/2019,942.4,942.38,945.43,940.76,90.39
836,11/7/2019,942.56,944.25,945.26,940.23,94.5
837,11/8/2019,944.28,944.7,948.37,942.19,89.56
838,11/11/2019,944.72,939.72,946.55,938.78,88.93
839,11/12/2019,939.56,939.82,942.55,937.95,70.79
840,11/13/2019,939.97,932.6,941.13,930.84,150.83
841,11/14/2019,932.45,928.44,935.72,927.14,81.6
842,11/15/2019,928.82,927.36,930.84,922.59,78.86
843,11/18/2019,927.49,920.95,929.18,920.52,76.77
844,11/19/2019,921,926.07,926.07,919.95,100.62
845,11/20/2019,925.94,917,926.67,917,82.28
846,11/21/2019,917.06,898.23,917.06,898.23,97.47
847,11/22/2019,898.93,892.31,906.93,885.83,99.04
848,11/25/2019,892.38,894.8,896.43,886.81,71.84
849,11/26/2019,895.36,897.5,900.72,895.36,84.59
850,11/27/2019,898.58,895.06,901.1,894.8,72.44
851,11/28/2019,894.45,885.7,895.42,883.16,90.57
852,11/29/2019,885.9,887.47,888.41,882.68,75.45
853,12/2/2019,887.19,875.1,889.47,875.1,92.05
854,12/3/2019,874.9,868.68,877.96,865.74,128.61
855,12/4/2019,868.79,883.56,883.56,865.31,99.43
856,12/5/2019,883.33,879.32,886.36,878.39,84.37
857,12/6/2019,878.28,880.43,882.59,875.99,73.28
858,12/9/2019,880.39,879.94,882.58,876.01,91.17
859,12/10/2019,879.95,873.16,880.22,870.25,99.73
860,12/11/2019,873.38,878.27,878.27,869.15,91.84
861,12/12/2019,878.95,884.8,885.73,878.88,75.06
862,12/13/2019,884.98,880.55,888.53,880.55,92.78
863,12/16/2019,878.88,876.65,879.75,874.06,114.57
864,12/17/2019,876.5,867.44,877.63,867.13,88.87
865,12/18/2019,866.61,863.16,867.69,861.05,95.67
866,12/19/2019,862.78,862.23,867.25,858.76,90.46
867,12/20/2019,862.41,868.37,869.52,862.38,91.39
868,12/23/2019,869.08,868.2,872.75,867.92,91.49
869,12/24/2019,868.14,869.88,869.9,864.86,76.63
870,12/25/2019,869.93,873.18,874.93,869.22,73.16
871,12/26/2019,873.17,872.07,874.87,869.57,75.6
872,12/27/2019,872.11,876.38,876.38,867.95,52.76
873,12/30/2019,876.61,880.29,881.27,876.13,35.56
874,12/31/2019,880.42,879.06,881.98,876.66,62.93
875,1/2/2020,879.02,886.88,886.88,876.87,96.93
876,1/3/2020,887.11,883.28,890.38,883.18,44.17
877,1/6/2020,882.51,872.34,882.51,872.34,55.23
878,1/7/2020,872.32,876.7,877.34,870.49,62.5
879,1/8/2020,876.64,865.18,876.64,861.51,123.
880,1/9/2020,867.27,877.76,878.43,867.27,63.85
881,1/10/2020,877.85,885.52,888.09,877.7,80.6
882,1/13/2020,884.95,881.79,885.45,881.35,44.93
883,1/14/2020,881.77,884.77,886.83,880.58,101.58
884,1/15/2020,884.95,885.36,886.33,882.79,56.7
885,1/16/2020,885.88,891.96,892.2,883.83,85.59
886,1/17/2020,891.66,894.84,897.63,891.36,78.68
887,1/20/2020,894.6,897.4,897.4,891.75,64.42
888,1/21/2020,897.97,906.52,907.51,897.97,63.14
889,1/22/2020,906.17,909.09,909.41,903.27,57.21
890,1/30/2020,908.2,875.82,908.2,870.53,84.98
891,1/31/2020,875.43,848.63,876.59,848.63,114.38
892,2/3/2020,848.42,842.67,848.42,803.73,102.32
893,2/4/2020,842.79,845.52,849.8,833.93,81.82
894,2/5/2020,845.65,845.31,854.72,840.41,81.53
895,2/6/2020,845.38,862.86,862.86,842.68,104.24
896,2/7/2020,862.71,863.49,865.91,858.02,86.38
897,2/10/2020,863.28,852.87,863.28,848.21,52.52
898,2/11/2020,853.09,856.39,859.38,853.09,74.52
899,2/12/2020,856.64,863.23,870.1,856.64,105.64
900,2/13/2020,862.72,864.16,864.79,858.46,73.96
901,2/14/2020,865.03,865.86,868.84,863.14,98.43
902,2/17/2020,865.83,866.27,867.45,862.75,60.91
903,2/18/2020,866.06,861.71,866.61,858.61,70.89
904,2/19/2020,860.23,863.84,865.4,859.65,69.13
905,2/20/2020,864,871.4,872.86,864,61.11
906,2/21/2020,871.49,868.89,877.52,868.59,78.41
907,2/24/2020,867.56,837.4,867.56,837.4,109.26
908,2/25/2020,836.54,849.58,849.58,827.81,92.35
909,2/26/2020,849.56,841.68,849.56,837.52,58.9
910,2/27/2020,841.19,848.34,849.18,836.56,63.95
911,2/28/2020,844.02,831.97,844.02,823.09,103.88
912,3/2/2020,831.25,835.42,837.99,827.23,80.3
913,3/3/2020,835.14,837.99,846.21,835.14,68.94
914,3/4/2020,838.02,837.99,839.26,831.2,63.94
915,3/5/2020,838.93,839.12,846.58,836.32,73.07
916,3/6/2020,838.77,835.97,838.77,827.12,67.82
917,3/9/2020,835.65,782.85,835.65,781.12,123.92
918,3/10/2020,780.66,789.51,794.88,762.34,115.67
919,3/11/2020,789.75,758.16,795.98,746.83,122.25
920,3/12/2020,757.9,719.21,757.9,710.33,120.24
921,3/13/2020,715.34,716.65,722.3,674.36,165.19
922,3/16/2020,716.52,698.18,716.52,688.8,108.03
923,3/17/2020,698,699.73,702.36,673.21,114.5
924,3/18/2020,699.93,700.65,705.3,695.42,112.62
925,3/19/2020,699.35,679.55,699.35,669.04,81.27
926,3/20/2020,679.78,673.7,683.55,668.9,90.72
927,3/23/2020,671.05,632.86,671.05,628.46,117.79
928,3/24/2020,632.63,625.43,633.97,619.07,98.2
929,3/25/2020,625.83,652.31,652.31,625.83,111.3
930,3/26/2020,651.94,646.7,655.06,639.02,108.25
931,3/27/2020,646.61,642.23,649.17,633.41,118.45
932,3/30/2020,641.92,613.02,641.92,605,92.04
933,3/31/2020,613.33,610.76,629.08,598.6,90.38
934,4/1/2020,609.35,628.79,631.6,606.03,123.99
935,4/3/2020,630.37,649.15,649.15,630.37,91.32
936,4/6/2020,649.81,682.65,682.65,649.81,135.9
937,4/7/2020,682.5,693.61,695.45,677.03,124.56
938,4/8/2020,693.66,691.17,693.66,675.26,96.87
939,4/9/2020,691.28,697.85,704.18,691.28,114.07
940,4/10/2020,697.9,695.74,701.77,687.18,151.46
941,4/13/2020,695.84,706.37,714.58,695.84,107.48
942,4/14/2020,706.24,713.81,713.81,699.03,112.12
943,4/15/2020,714.39,722.8,726.2,714.39,117.47
944,4/16/2020,721.73,726.57,726.71,714.52,90.46
945,4/17/2020,727.51,734.98,736.17,727.51,112.19
946,4/20/2020,736.1,736.31,742.27,729.52,114.07
947,4/21/2020,734.14,706.65,734.14,702.61,135.79
948,4/22/2020,706.54,714.42,718.62,692.03,93.78
949,4/23/2020,715.62,717.49,729.99,715.62,69.43
950,4/24/2020,717.41,725.05,725.52,711.14,77.99
951,4/27/2020,724.76,719.66,735.28,719.66,113.46
952,4/28/2020,719.45,715.74,721.73,711.84,80.65
953,4/29/2020,715.47,715.33,719.18,713.62,86.91
954,5/4/2020,714.9,709.35,716.05,706.47,78.73
955,5/5/2020,710.22,711.01,714.59,707.49,67.39
956,5/6/2020,711.34,725.94,725.94,709.77,124.51
957,5/7/2020,726.17,739.98,739.98,726.17,88.94
958,5/8/2020,740.14,760.15,773.22,740.14,154.73
959,5/11/2020,760.86,777.13,777.13,760.66,127.39
960,5/12/2020,777.35,782.45,783.77,766.7,111.89
961,5/13/2020,781.85,783.69,788.06,760.2,130.26
962,5/14/2020,782.87,780.73,785.1,773.62,133.17
963,5/15/2020,781.36,773.95,785.26,771.25,88.57
964,5/18/2020,774.07,787.27,787.27,770.61,89.46
965,5/19/2020,787.53,799.31,808.17,787.53,148.96
966,5/20/2020,799.28,803.32,803.35,793.75,103.96
967,5/21/2020,803.57,815.55,815.55,802.49,144.05
968,5/22/2020,815.51,803.14,815.51,802.82,104.22
969,5/25/2020,803.35,807.25,809.12,799.23,101.1
970,5/26/2020,807.55,815.01,815.96,807.55,106.56
971,5/27/2020,816.04,801.36,821.36,801.36,130.07
972,5/28/2020,801.38,804.06,810.43,800.16,130.05
973,5/29/2020,804,806.23,808.83,801.46,81.92
974,6/1/2020,806.44,821.47,821.47,806.44,192.01
975,6/2/2020,821.89,818.7,827.11,818.12,171.45
976,6/3/2020,819.02,824.29,824.54,818.33,96.38
977,6/4/2020,824.3,823.77,831.49,823.51,151.78
978,6/5/2020,823.46,826.47,826.47,818.33,159.43
979,6/8/2020,826.79,838.52,845.63,826.79,174.35
980,6/9/2020,839.19,837.02,843.58,836.13,171.28
981,6/10/2020,836.8,839.11,842.21,827.6,169.06
982,6/11/2020,839.02,806.87,842.76,806.64,208.88
983,6/12/2020,803.11,807.76,807.76,782.7,192.72
984,6/15/2020,808.58,778.71,813.59,778.71,366.14
985,6/16/2020,779.8,798.82,801.42,779.8,112.2
986,6/17/2020,799.14,796.43,802.06,793.2,82.98
987,6/18/2020,795.84,797.08,800.03,788.72,76.22
988,6/19/2020,797.21,808.28,808.28,797.03,116.45
989,6/22/2020,808.58,809.97,812.99,805.24,74.97
990,6/23/2020,809.53,807.61,812.24,803.96,124.57
991,6/24/2020,807.9,801.62,813.47,799.35,78.29
992,6/25/2020,801.29,796.51,801.29,791.38,81.75
993,6/26/2020,796.7,795.53,803.88,793.08,73.35
994,6/29/2020,795.11,774.81,795.11,768.99,127.82
995,6/30/2020,774.84,770.53,784.44,765.62,94.23
996,7/1/2020,770.23,786.82,787.38,770.02,94.77
997,7/2/2020,787.13,785.59,788.88,781.45,75.14
998,7/3/2020,785.81,789.87,790.3,785.81,60.72
999,7/6/2020,790.08,803.46,803.76,790.08,78.41
1000,7/7/2020,803.61,805.68,812.48,803.61,100.7
1001,7/8/2020,805.67,805.06,807.09,801.57,76.2
1002,7/9/2020,805.12,817.08,819.45,805.12,115.2
1003,7/10/2020,816.76,809.02,817.67,806.67,91.25
1004,7/13/2020,809.03,806.17,814.35,802.5,79.06
1005,7/14/2020,805.21,805.37,805.92,798.21,79.13
1006,7/15/2020,805.38,810.16,815.09,805.38,64.99
1007,7/16/2020,811.24,819.83,819.83,809.41,71.79
1008,7/17/2020,819.27,814.16,819.27,812.61,76.6
1009,7/20/2020,814,803.36,814,803.36,79.43
1010,7/21/2020,803.55,804.7,806.34,799.98,71.66
1011,7/22/2020,804.26,797.85,806.93,797.82,85.03
1012,7/23/2020,797.94,800.29,800.29,794.59,80.57
1013,7/24/2020,798.89,772.29,798.89,760.56,145.23
1014,7/27/2020,767.3,729.93,767.3,726.02,142.65
1015,7/28/2020,730.55,756.17,757.5,730.55,111.86
1016,7/29/2020,755.14,735.16,755.14,722.85,97.12
1017,7/30/2020,735.3,746.02,746.74,735.3,62.77
1018,7/31/2020,745.33,740.73,747.56,731.14,67.81
1019,8/3/2020,740.33,757.86,758.3,738.64,80.18
1020,8/4/2020,759.19,768.22,768.46,759.19,71.64
1021,8/5/2020,767.54,780.71,782.09,761.26,111.7
1022,8/6/2020,780.69,781.6,787.27,776.04,68.02
1023,8/7/2020,781.61,782.15,785.99,778.45,73.39
1024,8/10/2020,782.5,784.3,791.67,782.5,85.34
1025,8/11/2020,784.74,784.57,788.92,781.04,67.15
1026,8/12/2020,784.58,788.42,790.01,784.23,85.47
1027,8/13/2020,789.26,795.09,795.69,789.26,66.85
1028,8/14/2020,795.13,791.98,801.61,789.12,87.15
1029,8/17/2020,791.89,791.54,793.61,782.52,68.02
1030,8/18/2020,791.6,786.95,792.13,784.93,58.56
1031,8/19/2020,787.23,789.41,791.85,786.01,59.86
1032,8/20/2020,789.49,786.11,793.35,783.57,94.72
1033,8/21/2020,786.14,793.6,795.05,786.14,83.71
1034,8/24/2020,793.46,809.69,810.17,793.46,113.94
1035,8/25/2020,809.34,815.18,818.94,809.34,119.6
1036,8/26/2020,815.19,812.36,816.68,811.45,96.81
1037,8/27/2020,812.47,814.55,814.64,810.68,77.38
1038,8/28/2020,814.69,821.93,828.88,814.69,133.18
1039,8/31/2020,822.01,823.93,831.76,820.66,89.26
1040,9/1/2020,823.27,832.03,832.87,821.74,87.08
1041,9/3/2020,832.27,843.64,844.27,832.27,135.28
1042,9/4/2020,843.22,840.54,843.22,833.54,111.9
1043,9/7/2020,840.64,824.36,843.8,824.36,114.52
1044,9/8/2020,824.62,827.57,829.22,819.02,93.34
1045,9/9/2020,827.5,824.42,828.38,816.51,92.1
1046,9/10/2020,825.15,825.85,832.61,825.15,146.18
1047,9/11/2020,825.81,825.56,827.83,821.97,78.63
1048,9/14/2020,825.69,832.24,833.09,825.69,77.16
1049,9/15/2020,832.27,833.33,835.42,831.13,109.8
1050,9/16/2020,833.31,834.5,834.52,831.33,62.14
1051,9/17/2020,834.6,831.84,837.76,829.08,107.73
1052,9/18/2020,832.46,841.26,842.1,832.46,114.64
1053,9/21/2020,841.28,851.54,852.65,841.28,127.37
1054,9/22/2020,851.43,852.72,854.69,846.03,135.56
1055,9/23/2020,852.88,858.3,860.34,852.88,125.43
1056,9/24/2020,858.14,853.21,858.89,852.29,103.83
1057,9/25/2020,853.19,854.71,856.79,850.1,125.52
1058,9/28/2020,854.84,863.31,863.98,854.84,169.5
1059,9/29/2020,863.59,856.2,871.99,856.2,148.85
1060,9/30/2020,856.07,858.54,860.1,852.54,115.01
1061,10/1/2020,859.27,867.58,868.3,859.27,117.34
1062,10/2/2020,867.93,861.51,870.8,850.61,168.14
1063,10/5/2020,861.65,867.7,869.09,861.65,129.13
1064,10/6/2020,867.74,871.37,872.39,866.12,156.22
1065,10/7/2020,870.98,870.85,876.31,867.06,165.1
1066,10/8/2020,870.88,869.82,873.13,864.55,148.31
1067,10/9/2020,869.8,874.53,875.52,868.36,125.76
1068,10/12/2020,874.72,874.9,882.84,871.58,143.89
1069,10/13/2020,874.58,878.35,879.25,872.36,118.31
1070,10/14/2020,878.94,892.15,892.25,878.94,243.95
1071,10/15/2020,896.5,899.2,901.71,893.94,184.34
1072,10/16/2020,899.58,901.59,906.17,892.7,179.18
1073,10/19/2020,899.61,903.51,906.16,899.61,160.76
1074,10/20/2020,903.57,909.49,909.49,899.42,194.15
1075,10/21/2020,910.63,906.1,918.14,905.08,176.64
